{
    "train": {
        "loss": 0.2267443686723709,
        "binary_accuracy": 0.9211886525154114,
        "auc": 0.9692744016647339,
        "precision": 0.9012143015861511,
        "recall": 0.9460809826850891,
        "f1_score": 0.9231027364730835,
        "lr": 9.999999747378752e-05
    },
    "eval": {
        "loss": 0.3695286810398102,
        "binary_accuracy": 0.8665086627006531,
        "auc": 0.9400408267974854,
        "precision": 0.8520485758781433,
        "recall": 0.8870458006858826,
        "f1_score": 0.8691949844360352
    },
    "step": 29,
    "test_1_loss": 0.20086127519607544,
    "test_1_binary_accuracy": 0.8990042805671692,
    "test_1_auc": 0.9897395968437195,
    "test_1_precision": 0.5424836874008179,
    "test_1_recall": 0.988095223903656,
    "test_1_f1_score": 0.7004218697547913,
    "test_2_loss": 0.9316887259483337,
    "test_2_binary_accuracy": 0.7310810685157776,
    "test_2_auc": 0.5830853581428528,
    "test_2_precision": 0.07086614519357681,
    "test_2_recall": 0.10000000149011612,
    "test_2_f1_score": 0.08294925838708878
}
