{
    "train": {
        "loss": 0.007585414685308933,
        "binary_accuracy": 0.9933212995529175,
        "auc": 0.9996198415756226,
        "precision": 0.9869629740715027,
        "recall": 0.9998499155044556,
        "f1_score": 0.9933645725250244,
        "lr": 9.999999747378752e-05
    },
    "eval": {
        "loss": 0.5479458570480347,
        "binary_accuracy": 0.8614097833633423,
        "auc": 0.9549483060836792,
        "precision": 0.9675425291061401,
        "recall": 0.7479091882705688,
        "f1_score": 0.8436657190322876
    },
    "step": 29
}
