{
    "train": {
        "loss": 0.0066900053061544895,
        "binary_accuracy": 0.9937715530395508,
        "auc": 0.9997907876968384,
        "precision": 0.9879857897758484,
        "recall": 0.9996998310089111,
        "f1_score": 0.9938082695007324,
        "lr": 9.999999747378752e-05
    },
    "eval": {
        "loss": 0.31177476048469543,
        "binary_accuracy": 0.918757438659668,
        "auc": 0.9705120921134949,
        "precision": 0.9611842036247253,
        "recall": 0.8727598786354065,
        "f1_score": 0.9148402214050293
    },
    "step": 29
}
