{
    "train": {
        "loss": 0.008863587863743305,
        "binary_accuracy": 1.0,
        "auc": 1.0,
        "precision": 1.0,
        "recall": 1.0,
        "f1_score": 1.0,
        "lr": 9.999999747378752e-05
    },
    "eval": {
        "loss": 0.20225997269153595,
        "binary_accuracy": 0.9579207897186279,
        "auc": 0.9642395377159119,
        "precision": 0.7864077687263489,
        "recall": 0.8209459185600281,
        "f1_score": 0.8033056855201721
    },
    "step": 29,
    "test_1_loss": 0.28843024373054504,
    "test_1_binary_accuracy": 0.9302987456321716,
    "test_1_auc": 0.9508230686187744,
    "test_1_precision": 0.7160493731498718,
    "test_1_recall": 0.6904761791229248,
    "test_1_f1_score": 0.7030302882194519,
    "test_2_loss": 1.3040727376937866,
    "test_2_binary_accuracy": 0.866216242313385,
    "test_2_auc": 0.5840684175491333,
    "test_2_precision": 0.37142857909202576,
    "test_2_recall": 0.14444445073604584,
    "test_2_f1_score": 0.20799995958805084
}
