{
    "train": {
        "loss": 0.10145076364278793,
        "binary_accuracy": 0.8398838043212891,
        "auc": 0.9424147605895996,
        "precision": 0.760272204875946,
        "recall": 0.9928229451179504,
        "f1_score": 0.8611234426498413,
        "lr": 0.0010000000474974513
    },
    "eval": {
        "loss": 0.7380247116088867,
        "binary_accuracy": 0.7711084485054016,
        "auc": 0.8012556433677673,
        "precision": 0.704992413520813,
        "recall": 0.9323729276657104,
        "f1_score": 0.8028944730758667
    },
    "step": 2
}
