{
    "train": {
        "loss": 0.2387356162071228,
        "binary_accuracy": 0.512907087802887,
        "auc": 0.6288824081420898,
        "precision": 0.5065900087356567,
        "recall": 0.992195725440979,
        "f1_score": 0.6707248091697693,
        "lr": 0.0010000000474974513
    },
    "eval": {
        "loss": 1.9868172407150269,
        "binary_accuracy": 0.5,
        "auc": 0.6028317213058472,
        "precision": 0.5,
        "recall": 1.0,
        "f1_score": 0.6666666269302368
    },
    "step": 0
}
