{
    "train": {
        "loss": 0.05896693095564842,
        "binary_accuracy": 0.9962962865829468,
        "auc": 0.9998100996017456,
        "precision": 0.994507372379303,
        "recall": 0.9981051087379456,
        "f1_score": 0.9963029623031616,
        "lr": 9.999999747378752e-05
    },
    "eval": {
        "loss": 0.19029274582862854,
        "binary_accuracy": 0.962164044380188,
        "auc": 0.9773553013801575,
        "precision": 0.780415415763855,
        "recall": 0.8885135054588318,
        "f1_score": 0.8309635519981384
    },
    "step": 29,
    "test_1_loss": 0.2587062120437622,
    "test_1_binary_accuracy": 0.9445234537124634,
    "test_1_auc": 0.9830275177955627,
    "test_1_precision": 0.6991150379180908,
    "test_1_recall": 0.9404761791229248,
    "test_1_f1_score": 0.8020303845405579,
    "test_2_loss": 1.5752655267715454,
    "test_2_binary_accuracy": 0.8756756782531738,
    "test_2_auc": 0.5204529762268066,
    "test_2_precision": 0.375,
    "test_2_recall": 0.03333333507180214,
    "test_2_f1_score": 0.06122448295354843
}
