{
    "train": {
        "loss": 0.5495313405990601,
        "binary_accuracy": 0.9244186282157898,
        "auc": 0.9743256568908691,
        "precision": 0.9069671034812927,
        "recall": 0.9456779360771179,
        "f1_score": 0.9259180426597595,
        "lr": 0.0010000000474974513
    },
    "eval": {
        "loss": 0.43791329860687256,
        "binary_accuracy": 0.9496123790740967,
        "auc": 0.9893147349357605,
        "precision": 0.9359933733940125,
        "recall": 0.9656946659088135,
        "f1_score": 0.9506120681762695
    },
    "step": 1
}
