{
    "train": {
        "loss": 0.2304757982492447,
        "binary_accuracy": 0.9155899882316589,
        "auc": 0.9671995043754578,
        "precision": 0.8940061926841736,
        "recall": 0.942980170249939,
        "f1_score": 0.9178402423858643,
        "lr": 9.999999747378752e-05
    },
    "eval": {
        "loss": 0.3655726909637451,
        "binary_accuracy": 0.8722353577613831,
        "auc": 0.9406251311302185,
        "precision": 0.8811160326004028,
        "recall": 0.8605844974517822,
        "f1_score": 0.8707292079925537
    },
    "step": 29,
    "test_1_loss": 0.19734729826450348,
    "test_1_binary_accuracy": 0.9217638969421387,
    "test_1_auc": 0.9899992346763611,
    "test_1_precision": 0.6043165326118469,
    "test_1_recall": 1.0,
    "test_1_f1_score": 0.7533631324768066,
    "test_2_loss": 0.8694176077842712,
    "test_2_binary_accuracy": 0.7486486434936523,
    "test_2_auc": 0.5544273257255554,
    "test_2_precision": 0.07894736528396606,
    "test_2_recall": 0.10000000149011612,
    "test_2_f1_score": 0.08823524415493011
}
