{
    "train": {
        "loss": 0.00957536045461893,
        "binary_accuracy": 1.0,
        "auc": 1.0000001192092896,
        "precision": 1.0,
        "recall": 1.0,
        "f1_score": 1.0,
        "lr": 9.999999747378752e-05
    },
    "eval": {
        "loss": 0.23321178555488586,
        "binary_accuracy": 0.9515558481216431,
        "auc": 0.9596956372261047,
        "precision": 0.7401812672615051,
        "recall": 0.8277027010917664,
        "f1_score": 0.7814991474151611
    },
    "step": 29
}
