{
    "train": {
        "loss": 0.08600609004497528,
        "binary_accuracy": 0.9851852059364319,
        "auc": 0.9981457591056824,
        "precision": 0.976807177066803,
        "recall": 0.9939706921577454,
        "f1_score": 0.985314130783081,
        "lr": 9.999999747378752e-05
    },
    "eval": {
        "loss": 0.4078490734100342,
        "binary_accuracy": 0.9277251362800598,
        "auc": 0.9631078243255615,
        "precision": 0.9546599388122559,
        "recall": 0.8981042504310608,
        "f1_score": 0.925518810749054
    },
    "step": 29,
    "test_1_loss": 0.14619208872318268,
    "test_1_binary_accuracy": 0.9573257565498352,
    "test_1_auc": 0.9877201914787292,
    "test_1_precision": 0.7755101919174194,
    "test_1_recall": 0.9047619104385376,
    "test_1_f1_score": 0.8351647853851318,
    "test_2_loss": 3.1833651065826416,
    "test_2_binary_accuracy": 0.800000011920929,
    "test_2_auc": 0.4640256464481354,
    "test_2_precision": 0.07352941483259201,
    "test_2_recall": 0.0555555559694767,
    "test_2_f1_score": 0.06329109519720078
}
