{
    "train": {
        "loss": 0.09401331841945648,
        "binary_accuracy": 0.9906115531921387,
        "auc": 0.9992760419845581,
        "precision": 0.9873374104499817,
        "recall": 0.9939706921577454,
        "f1_score": 0.9906429052352905,
        "lr": 9.999999747378752e-05
    },
    "eval": {
        "loss": 0.3434991240501404,
        "binary_accuracy": 0.9174565672874451,
        "auc": 0.973301112651825,
        "precision": 0.9463682174682617,
        "recall": 0.8850710988044739,
        "f1_score": 0.9146937727928162
    },
    "step": 29,
    "test_1_loss": 0.3991277813911438,
    "test_1_binary_accuracy": 0.9032716751098633,
    "test_1_auc": 0.9273791313171387,
    "test_1_precision": 0.5869565010070801,
    "test_1_recall": 0.6428571343421936,
    "test_1_f1_score": 0.6136362552642822,
    "test_2_loss": 1.1833491325378418,
    "test_2_binary_accuracy": 0.7702702879905701,
    "test_2_auc": 0.6789401769638062,
    "test_2_precision": 0.24025973677635193,
    "test_2_recall": 0.41111111640930176,
    "test_2_f1_score": 0.3032786548137665
}
