{
    "train": {
        "loss": 0.06683266907930374,
        "binary_accuracy": 0.896616518497467,
        "auc": 0.9753326773643494,
        "precision": 0.8320457935333252,
        "recall": 0.9938482642173767,
        "f1_score": 0.9057778716087341,
        "lr": 0.0010000000474974513
    },
    "eval": {
        "loss": 0.42117834091186523,
        "binary_accuracy": 0.8519407510757446,
        "auc": 0.9281986951828003,
        "precision": 0.8048526644706726,
        "recall": 0.9291716814041138,
        "f1_score": 0.8625556230545044
    },
    "step": 7
}
