{
    "train": {
        "loss": 0.14324073493480682,
        "binary_accuracy": 0.9574504494667053,
        "auc": 0.9881902933120728,
        "precision": 0.9406006336212158,
        "recall": 0.9765719175338745,
        "f1_score": 0.9582487344741821,
        "lr": 9.999999747378752e-05
    },
    "eval": {
        "loss": 0.24321381747722626,
        "binary_accuracy": 0.9156792759895325,
        "auc": 0.9750955700874329,
        "precision": 0.9280195236206055,
        "recall": 0.9012638330459595,
        "f1_score": 0.9144459366798401
    },
    "step": 29,
    "test_1_loss": 0.5021896362304688,
    "test_1_binary_accuracy": 0.8719772696495056,
    "test_1_auc": 0.8532098531723022,
    "test_1_precision": 0.45588234066963196,
    "test_1_recall": 0.369047611951828,
    "test_1_f1_score": 0.40789467096328735,
    "test_2_loss": 2.1480796337127686,
    "test_2_binary_accuracy": 0.8581081032752991,
    "test_2_auc": 0.41038456559181213,
    "test_2_precision": 0.0,
    "test_2_recall": 0.0,
    "test_2_f1_score": 0.0
}
