{
    "train": {
        "loss": 0.15392336249351501,
        "binary_accuracy": 0.9635658860206604,
        "auc": 0.9917675852775574,
        "precision": 0.9527254104614258,
        "recall": 0.9755383133888245,
        "f1_score": 0.9639967679977417,
        "lr": 9.999999747378752e-05
    },
    "eval": {
        "loss": 0.4944503903388977,
        "binary_accuracy": 0.8613743782043457,
        "auc": 0.9360951781272888,
        "precision": 0.8834869861602783,
        "recall": 0.8325434327125549,
        "f1_score": 0.8572589159011841
    },
    "step": 29,
    "test_1_loss": 0.4352715313434601,
    "test_1_binary_accuracy": 0.866287350654602,
    "test_1_auc": 0.8950304388999939,
    "test_1_precision": 0.46268656849861145,
    "test_1_recall": 0.738095223903656,
    "test_1_f1_score": 0.5688073039054871,
    "test_2_loss": 1.1428027153015137,
    "test_2_binary_accuracy": 0.6756756901741028,
    "test_2_auc": 0.6943760514259338,
    "test_2_precision": 0.19512194395065308,
    "test_2_recall": 0.5333333611488342,
    "test_2_f1_score": 0.2857142388820648
}
