{
    "train": {
        "loss": 0.3058719038963318,
        "binary_accuracy": 0.8753660917282104,
        "auc": 0.9421329498291016,
        "precision": 0.8622007966041565,
        "recall": 0.8935400247573853,
        "f1_score": 0.8775906562805176,
        "lr": 9.999999747378752e-05
    },
    "eval": {
        "loss": 0.3917076587677002,
        "binary_accuracy": 0.8295615315437317,
        "auc": 0.8874321579933167,
        "precision": 0.35951662063598633,
        "recall": 0.8040540814399719,
        "f1_score": 0.49686846137046814
    },
    "step": 29,
    "test_1_loss": 0.1623072475194931,
    "test_1_binary_accuracy": 0.9317212104797363,
    "test_1_auc": 0.9920859336853027,
    "test_1_precision": 0.6384615302085876,
    "test_1_recall": 0.988095223903656,
    "test_1_f1_score": 0.7757008671760559,
    "test_2_loss": 0.759159505367279,
    "test_2_binary_accuracy": 0.7783783674240112,
    "test_2_auc": 0.4222393333911896,
    "test_2_precision": 0.03750000149011612,
    "test_2_recall": 0.03333333507180214,
    "test_2_f1_score": 0.0352940671145916
}
