{
    "train": {
        "loss": 0.04891553148627281,
        "binary_accuracy": 0.9960379004478455,
        "auc": 0.9996060132980347,
        "precision": 0.9945045709609985,
        "recall": 0.9975882768630981,
        "f1_score": 0.9960439801216125,
        "lr": 9.999999747378752e-05
    },
    "eval": {
        "loss": 0.12682195007801056,
        "binary_accuracy": 0.975710928440094,
        "auc": 0.9938609600067139,
        "precision": 0.9804547429084778,
        "recall": 0.9707741141319275,
        "f1_score": 0.9755904078483582
    },
    "step": 29,
    "test_1_loss": 0.23905934393405914,
    "test_1_binary_accuracy": 0.9487909078598022,
    "test_1_auc": 0.9629490375518799,
    "test_1_precision": 0.7790697813034058,
    "test_1_recall": 0.7976190447807312,
    "test_1_f1_score": 0.7882351875305176,
    "test_2_loss": 2.368093490600586,
    "test_2_binary_accuracy": 0.8648648858070374,
    "test_2_auc": 0.5177606344223022,
    "test_2_precision": 0.25,
    "test_2_recall": 0.0555555559694767,
    "test_2_f1_score": 0.09090906381607056
}
