{
    "train": {
        "loss": 0.5518900752067566,
        "binary_accuracy": 0.7363479733467102,
        "auc": 0.7970002293586731,
        "precision": 0.7371240854263306,
        "recall": 0.7347114682197571,
        "f1_score": 0.7359157800674438,
        "lr": 9.999999747378752e-05
    },
    "eval": {
        "loss": 0.5610796213150024,
        "binary_accuracy": 0.7282780408859253,
        "auc": 0.7888315320014954,
        "precision": 0.7250778675079346,
        "recall": 0.7353870272636414,
        "f1_score": 0.7301959991455078
    },
    "step": 29,
    "test_1_loss": 0.6577399969100952,
    "test_1_binary_accuracy": 0.7112375497817993,
    "test_1_auc": 0.4087045192718506,
    "test_1_precision": 0.1349693238735199,
    "test_1_recall": 0.261904776096344,
    "test_1_f1_score": 0.1781376153230667,
    "test_2_loss": 0.7401474118232727,
    "test_2_binary_accuracy": 0.5108107924461365,
    "test_2_auc": 0.4556666612625122,
    "test_2_precision": 0.06410256773233414,
    "test_2_recall": 0.2222222238779068,
    "test_2_f1_score": 0.09950245916843414
}
