{
    "train": {
        "loss": 0.022665156051516533,
        "binary_accuracy": 0.9892690777778625,
        "auc": 0.9994368553161621,
        "precision": 0.980400800704956,
        "recall": 0.9984991550445557,
        "f1_score": 0.9893671870231628,
        "lr": 0.0010000000474974513
    },
    "eval": {
        "loss": 3.4620044231414795,
        "binary_accuracy": 0.5170251131057739,
        "auc": 0.5618679523468018,
        "precision": 0.6770186424255371,
        "recall": 0.06511349976062775,
        "f1_score": 0.1188010647892952
    },
    "step": 29
}
