{
    "train": {
        "loss": 0.1116785928606987,
        "binary_accuracy": 0.9863049387931824,
        "auc": 0.998675525188446,
        "precision": 0.9822343587875366,
        "recall": 0.9905254244804382,
        "f1_score": 0.9863623976707458,
        "lr": 9.999999747378752e-05
    },
    "eval": {
        "loss": 0.456142783164978,
        "binary_accuracy": 0.8965244889259338,
        "auc": 0.955390453338623,
        "precision": 0.9193817973136902,
        "recall": 0.86927330493927,
        "f1_score": 0.8936255574226379
    },
    "step": 29,
    "test_1_loss": 0.42639124393463135,
    "test_1_binary_accuracy": 0.9075391292572021,
    "test_1_auc": 0.9342930316925049,
    "test_1_precision": 0.5871559381484985,
    "test_1_recall": 0.761904776096344,
    "test_1_f1_score": 0.6632124185562134,
    "test_2_loss": 1.0836076736450195,
    "test_2_binary_accuracy": 0.7432432174682617,
    "test_2_auc": 0.7008460760116577,
    "test_2_precision": 0.2368421107530594,
    "test_2_recall": 0.5,
    "test_2_f1_score": 0.3214285373687744
}
