{
    "train": {
        "loss": 0.0525900162756443,
        "binary_accuracy": 0.9958656430244446,
        "auc": 0.999631404876709,
        "precision": 0.9941630959510803,
        "recall": 0.9975882768630981,
        "f1_score": 0.9958726763725281,
        "lr": 9.999999747378752e-05
    },
    "eval": {
        "loss": 0.14127399027347565,
        "binary_accuracy": 0.9734795093536377,
        "auc": 0.983803927898407,
        "precision": 0.8298507332801819,
        "recall": 0.9391891956329346,
        "f1_score": 0.881140947341919
    },
    "step": 29,
    "test_1_loss": 0.17265716195106506,
    "test_1_binary_accuracy": 0.9630156755447388,
    "test_1_auc": 0.9889414310455322,
    "test_1_precision": 0.8452380895614624,
    "test_1_recall": 0.8452380895614624,
    "test_1_f1_score": 0.8452380299568176,
    "test_2_loss": 1.6202811002731323,
    "test_2_binary_accuracy": 0.8567567467689514,
    "test_2_auc": 0.5272563695907593,
    "test_2_precision": 0.1666666716337204,
    "test_2_recall": 0.04444444552063942,
    "test_2_f1_score": 0.0701754093170166
}
