{
    "train": {
        "loss": 0.12707147002220154,
        "binary_accuracy": 0.9776055216789246,
        "auc": 0.9974043965339661,
        "precision": 0.9732035994529724,
        "recall": 0.9822566509246826,
        "f1_score": 0.977709174156189,
        "lr": 9.999999747378752e-05
    },
    "eval": {
        "loss": 0.5855045914649963,
        "binary_accuracy": 0.8825039267539978,
        "auc": 0.9389753937721252,
        "precision": 0.9071038365364075,
        "recall": 0.852290689945221,
        "f1_score": 0.878843367099762
    },
    "step": 29,
    "test_1_loss": 1.0381470918655396,
    "test_1_binary_accuracy": 0.8036984205245972,
    "test_1_auc": 0.6552714705467224,
    "test_1_precision": 0.24528302252292633,
    "test_1_recall": 0.3095238208770752,
    "test_1_f1_score": 0.27368417382240295,
    "test_2_loss": 1.3844763040542603,
    "test_2_binary_accuracy": 0.7864865064620972,
    "test_2_auc": 0.5568204522132874,
    "test_2_precision": 0.13829787075519562,
    "test_2_recall": 0.14444445073604584,
    "test_2_f1_score": 0.14130429923534393
}
