{
    "train": {
        "loss": 0.15563632547855377,
        "binary_accuracy": 0.9664082527160645,
        "auc": 0.9931395053863525,
        "precision": 0.9545072913169861,
        "recall": 0.979500412940979,
        "f1_score": 0.9668422341346741,
        "lr": 9.999999747378752e-05
    },
    "eval": {
        "loss": 0.802807629108429,
        "binary_accuracy": 0.8088467717170715,
        "auc": 0.8990500569343567,
        "precision": 0.8871287107467651,
        "recall": 0.7077409029006958,
        "f1_score": 0.7873461246490479
    },
    "step": 29,
    "test_1_loss": 0.34738147258758545,
    "test_1_binary_accuracy": 0.883357048034668,
    "test_1_auc": 0.9401203989982605,
    "test_1_precision": 0.5078125,
    "test_1_recall": 0.773809552192688,
    "test_1_f1_score": 0.6132075190544128,
    "test_2_loss": 0.9900437593460083,
    "test_2_binary_accuracy": 0.7283783555030823,
    "test_2_auc": 0.6951196789741516,
    "test_2_precision": 0.2266009896993637,
    "test_2_recall": 0.5111111402511597,
    "test_2_f1_score": 0.3139931261539459
}
