{
    "train": {
        "loss": 0.08158721029758453,
        "binary_accuracy": 0.9859603643417358,
        "auc": 0.9981593489646912,
        "precision": 0.9782977104187012,
        "recall": 0.9939706921577454,
        "f1_score": 0.9860718250274658,
        "lr": 9.999999747378752e-05
    },
    "eval": {
        "loss": 0.35149523615837097,
        "binary_accuracy": 0.919036328792572,
        "auc": 0.969051718711853,
        "precision": 0.9534187912940979,
        "recall": 0.8811216354370117,
        "f1_score": 0.9158455729484558
    },
    "step": 29,
    "test_1_loss": 0.2229061871767044,
    "test_1_binary_accuracy": 0.9601706862449646,
    "test_1_auc": 0.9832101464271545,
    "test_1_precision": 0.75,
    "test_1_recall": 1.0,
    "test_1_f1_score": 0.8571428060531616,
    "test_2_loss": 1.3508626222610474,
    "test_2_binary_accuracy": 0.8635135293006897,
    "test_2_auc": 0.5965128540992737,
    "test_2_precision": 0.3589743673801422,
    "test_2_recall": 0.15555556118488312,
    "test_2_f1_score": 0.21705423295497894
}
