{
    "train": {
        "loss": 0.24957597255706787,
        "binary_accuracy": 0.7646958231925964,
        "auc": 0.8910654783248901,
        "precision": 0.6833136081695557,
        "recall": 0.9866712093353271,
        "f1_score": 0.8074394464492798,
        "lr": 0.0010000000474974513
    },
    "eval": {
        "loss": 1.1807109117507935,
        "binary_accuracy": 0.46758702397346497,
        "auc": 0.5740430355072021,
        "precision": 0.4473342001438141,
        "recall": 0.27531012892723083,
        "f1_score": 0.34084710478782654
    },
    "step": 0
}
