{
    "train": {
        "loss": 0.04883849248290062,
        "binary_accuracy": 0.9961240291595459,
        "auc": 0.99970543384552,
        "precision": 0.9946753978729248,
        "recall": 0.9975882768630981,
        "f1_score": 0.9961296319961548,
        "lr": 9.999999747378752e-05
    },
    "eval": {
        "loss": 0.12540854513645172,
        "binary_accuracy": 0.9792653918266296,
        "auc": 0.9930607676506042,
        "precision": 0.9753231406211853,
        "recall": 0.9834123253822327,
        "f1_score": 0.9793509244918823
    },
    "step": 29,
    "test_1_loss": 0.1772700846195221,
    "test_1_binary_accuracy": 0.954480767250061,
    "test_1_auc": 0.9854701161384583,
    "test_1_precision": 0.782608687877655,
    "test_1_recall": 0.8571428656578064,
    "test_1_f1_score": 0.8181818127632141,
    "test_2_loss": 1.9665170907974243,
    "test_2_binary_accuracy": 0.8608108162879944,
    "test_2_auc": 0.5034273862838745,
    "test_2_precision": 0.11764705926179886,
    "test_2_recall": 0.02222222276031971,
    "test_2_f1_score": 0.03738315403461456
}
