{
    "train": {
        "loss": 0.7480617761611938,
        "binary_accuracy": 0.8938845992088318,
        "auc": 0.9533272981643677,
        "precision": 0.87862229347229,
        "recall": 0.9140396118164062,
        "f1_score": 0.8959810137748718,
        "lr": 0.0010000000474974513
    },
    "eval": {
        "loss": 0.6688347458839417,
        "binary_accuracy": 0.902053713798523,
        "auc": 0.9614635109901428,
        "precision": 0.8646131753921509,
        "recall": 0.9533964991569519,
        "f1_score": 0.9068368673324585
    },
    "step": 0,
    "test_1_loss": 0.6521872282028198,
    "test_1_binary_accuracy": 0.8762446641921997,
    "test_1_auc": 0.9597084522247314,
    "test_1_precision": 0.4911242723464966,
    "test_1_recall": 0.988095223903656,
    "test_1_f1_score": 0.6561264395713806,
    "test_2_loss": 1.1179497241973877,
    "test_2_binary_accuracy": 0.6729729771614075,
    "test_2_auc": 0.3829572796821594,
    "test_2_precision": 0.02500000037252903,
    "test_2_recall": 0.04444444552063942,
    "test_2_f1_score": 0.03199995309114456
}
