{
    "train": {
        "loss": 0.053633373230695724,
        "binary_accuracy": 0.9956072568893433,
        "auc": 0.9994915723800659,
        "precision": 0.9939903616905212,
        "recall": 0.9972437620162964,
        "f1_score": 0.9956143498420715,
        "lr": 9.999999747378752e-05
    },
    "eval": {
        "loss": 0.1227390319108963,
        "binary_accuracy": 0.9770932197570801,
        "auc": 0.9940870404243469,
        "precision": 0.9786053895950317,
        "recall": 0.9755133986473083,
        "f1_score": 0.9770568609237671
    },
    "step": 29
}
