{
    "train": {
        "loss": 0.004522026050835848,
        "binary_accuracy": 0.9953474402427673,
        "auc": 0.9997475147247314,
        "precision": 0.9907806515693665,
        "recall": 1.0,
        "f1_score": 0.9953688979148865,
        "lr": 9.999999747378752e-05
    },
    "eval": {
        "loss": 0.27152055501937866,
        "binary_accuracy": 0.9354838728904724,
        "auc": 0.977644145488739,
        "precision": 0.9752281904220581,
        "recall": 0.8936678767204285,
        "f1_score": 0.9326682686805725
    },
    "step": 29
}
