{
    "train": {
        "loss": 0.0704023465514183,
        "binary_accuracy": 0.9880275726318359,
        "auc": 0.9987744688987732,
        "precision": 0.9837773442268372,
        "recall": 0.9924203157424927,
        "f1_score": 0.9880799055099487,
        "lr": 9.999999747378752e-05
    },
    "eval": {
        "loss": 0.276006281375885,
        "binary_accuracy": 0.9342417120933533,
        "auc": 0.9803535342216492,
        "precision": 0.9676733016967773,
        "recall": 0.8984991908073425,
        "f1_score": 0.9318041801452637
    },
    "step": 29,
    "test_1_loss": 0.22960013151168823,
    "test_1_binary_accuracy": 0.9445234537124634,
    "test_1_auc": 0.9795946478843689,
    "test_1_precision": 0.7184466123580933,
    "test_1_recall": 0.8809523582458496,
    "test_1_f1_score": 0.7914437651634216,
    "test_2_loss": 2.2339470386505127,
    "test_2_binary_accuracy": 0.841891884803772,
    "test_2_auc": 0.49254703521728516,
    "test_2_precision": 0.0,
    "test_2_recall": 0.0,
    "test_2_f1_score": 0.0
}
