{
    "train": {
        "loss": 0.008605937473475933,
        "binary_accuracy": 1.0,
        "auc": 1.0,
        "precision": 1.0,
        "recall": 1.0,
        "f1_score": 1.0,
        "lr": 9.999999747378752e-05
    },
    "eval": {
        "loss": 0.21055585145950317,
        "binary_accuracy": 0.9582744240760803,
        "auc": 0.9630460739135742,
        "precision": 0.7648809552192688,
        "recall": 0.8682432174682617,
        "f1_score": 0.8132910132408142
    },
    "step": 29
}
