{
    "train": {
        "loss": 0.06224970147013664,
        "binary_accuracy": 0.9900947213172913,
        "auc": 0.9989984631538391,
        "precision": 0.986158549785614,
        "recall": 0.994143009185791,
        "f1_score": 0.9901346564292908,
        "lr": 9.999999747378752e-05
    },
    "eval": {
        "loss": 0.1758510321378708,
        "binary_accuracy": 0.9632701277732849,
        "auc": 0.9879865646362305,
        "precision": 0.9636363387107849,
        "recall": 0.9628751873970032,
        "f1_score": 0.9632555246353149
    },
    "step": 29,
    "test_1_loss": 0.25018665194511414,
    "test_1_binary_accuracy": 0.9189189076423645,
    "test_1_auc": 0.9565159678459167,
    "test_1_precision": 0.6901408433914185,
    "test_1_recall": 0.5833333134651184,
    "test_1_f1_score": 0.6322579979896545,
    "test_2_loss": 3.375393867492676,
    "test_2_binary_accuracy": 0.8189189434051514,
    "test_2_auc": 0.41324788331985474,
    "test_2_precision": 0.0,
    "test_2_recall": 0.0,
    "test_2_f1_score": 0.0
}
