{
    "train": {
        "loss": 0.0662548616528511,
        "binary_accuracy": 0.9933677911758423,
        "auc": 0.9991376399993896,
        "precision": 0.9900752902030945,
        "recall": 0.996726930141449,
        "f1_score": 0.993389904499054,
        "lr": 9.999999747378752e-05
    },
    "eval": {
        "loss": 0.2186606228351593,
        "binary_accuracy": 0.9577409029006958,
        "auc": 0.9855477213859558,
        "precision": 0.971905529499054,
        "recall": 0.9427329897880554,
        "f1_score": 0.9570969939231873
    },
    "step": 29,
    "test_1_loss": 0.17316816747188568,
    "test_1_binary_accuracy": 0.9687055349349976,
    "test_1_auc": 0.9891721606254578,
    "test_1_precision": 0.8039215803146362,
    "test_1_recall": 0.976190447807312,
    "test_1_f1_score": 0.8817203640937805,
    "test_2_loss": 1.9124679565429688,
    "test_2_binary_accuracy": 0.8148648738861084,
    "test_2_auc": 0.5401453375816345,
    "test_2_precision": 0.15942029654979706,
    "test_2_recall": 0.12222222238779068,
    "test_2_f1_score": 0.1383647322654724
}
