{
    "train": {
        "loss": 0.2105434089899063,
        "binary_accuracy": 0.9382429122924805,
        "auc": 0.9847804307937622,
        "precision": 0.9354673027992249,
        "recall": 0.9414297938346863,
        "f1_score": 0.9384390115737915,
        "lr": 9.999999747378752e-05
    },
    "eval": {
        "loss": 0.6449774503707886,
        "binary_accuracy": 0.8035150170326233,
        "auc": 0.8830814361572266,
        "precision": 0.8411007523536682,
        "recall": 0.748420238494873,
        "f1_score": 0.7920584082603455
    },
    "step": 29,
    "test_1_loss": 0.5713226795196533,
    "test_1_binary_accuracy": 0.8520625829696655,
    "test_1_auc": 0.806542694568634,
    "test_1_precision": 0.421875,
    "test_1_recall": 0.6428571343421936,
    "test_1_f1_score": 0.509433925151825,
    "test_2_loss": 1.2793035507202148,
    "test_2_binary_accuracy": 0.8108108043670654,
    "test_2_auc": 0.5199829936027527,
    "test_2_precision": 0.23404255509376526,
    "test_2_recall": 0.24444444477558136,
    "test_2_f1_score": 0.23913037776947021
}
