step	auc
0	0.6758451461791992
1	0.7302305102348328
2	0.7413628101348877
3	0.6978740692138672
4	0.6467267274856567
5	0.737941563129425
6	0.7465726137161255
7	0.7518462538719177
8	0.7540462017059326
9	0.7622822523117065
10	0.7596889734268188
11	0.7588101625442505
12	0.7529754638671875
13	0.7555850744247437
14	0.7267308831214905
15	0.7490231394767761
16	0.7572066783905029
17	0.7572472095489502
18	0.7434319257736206
19	0.766358494758606
