step	auc
0	0.5361369252204895
1	0.6796379089355469
2	0.6998637914657593
