step	auc
0	0.6581996083259583
1	0.6515271067619324
2	0.7632144689559937
3	0.7752406001091003
4	0.7887226939201355
