step	binary_accuracy
0	0.3611680269241333
1	0.3611680269241333
2	0.38012295961380005
