step	binary_accuracy
0	0.5
1	0.5
2	0.5074177980422974
3	0.5575380921363831
4	0.6158781051635742
