step	binary_accuracy
0	0.12040990591049194
1	0.17890691757202148
2	0.14432109892368317
3	0.17719897627830505
4	0.13108454644680023
5	0.2583262026309967
6	0.2818104326725006
7	0.3543979525566101
8	0.39111870527267456
9	0.41759181022644043
10	0.41759181022644043
11	0.4602903425693512
12	0.44748079776763916
13	0.5098206400871277
14	0.40222033858299255
15	0.5004270076751709
16	0.5162254571914673
17	0.5666097402572632
18	0.4931682348251343
19	0.5687446594238281
