step	f1_score
0	0.530673623085022
1	0.530673623085022
2	0.5381678938865662
