step	f1_score
0	0.6666666269302368
1	0.6666666269302368
2	0.6699798107147217
3	0.6925755143165588
4	0.7199649214744568
