step	f1_score
0	0.21493901312351227
1	0.22615692019462585
2	0.21901792287826538
3	0.22579343616962433
4	0.21700651943683624
5	0.24115332961082458
6	0.2470903992652893
7	0.2638753354549408
8	0.27244895696640015
9	0.279069721698761
10	0.279069721698761
11	0.29227322340011597
12	0.2874448895454407
13	0.31092435121536255
14	0.27310484647750854
15	0.3043994903564453
16	0.30618491768836975
17	0.32468393445014954
18	0.29887768626213074
19	0.32486629486083984
