step	loss
0	4.699121475219727
1	3.7244112491607666
2	3.9546382427215576
3	4.96293830871582
4	5.394937515258789
5	3.556053876876831
6	3.163039207458496
7	3.0013012886047363
8	2.706125020980835
9	2.6362080574035645
10	2.5618250370025635
11	2.40484356880188
12	2.4692225456237793
13	2.3478705883026123
14	2.790059804916382
15	2.379239320755005
16	2.1442384719848633
17	2.0732409954071045
18	2.444988250732422
19	1.9510749578475952
