step	loss
0	4.019405841827393
1	3.72105073928833
2	3.6415815353393555
