step	loss
0	2.696563959121704
1	3.065563678741455
2	2.4271180629730225
3	2.0422098636627197
4	1.86820650100708
