step	precision
0	0.5
1	0.5
2	0.5037366151809692
3	0.5306296944618225
4	0.5664673447608948
