step	precision
0	0.3611680269241333
1	0.3611680269241333
2	0.36814621090888977
