step	precision
0	0.12040990591049194
1	0.12755334377288818
2	0.12302977591753006
3	0.12732215225696564
4	0.12170910835266113
5	0.13751868903636932
6	0.14139343798160553
7	0.15293453633785248
8	0.15911799669265747
9	0.16397514939308167
10	0.16397514939308167
11	0.1735372394323349
12	0.17014341056346893
13	0.18713872134685516
14	0.15997566282749176
15	0.18285714089870453
16	0.18504811823368073
17	0.19983619451522827
18	0.17930546402931213
19	0.20016475021839142
