step	recall
0	1.0
1	1.0
2	1.0
3	0.9967923164367676
4	0.9875701665878296
