step	recall
0	1.0
1	0.9964538812637329
2	0.9964538812637329
3	0.9964538812637329
4	1.0
5	0.978723406791687
6	0.978723406791687
7	0.9609929323196411
8	0.9468085169792175
9	0.936170220375061
10	0.936170220375061
11	0.9255319237709045
12	0.9255319237709045
13	0.9184397459030151
14	0.932624101638794
15	0.9078013896942139
16	0.8865247964859009
17	0.8652482032775879
18	0.8971630930900574
19	0.8617021441459656
