step	auc
0	0.805286705493927
1	0.8749390840530396
2	0.7034134268760681
3	0.9187796711921692
4	0.5819820761680603
5	0.9245527982711792
6	0.9246917963027954
7	0.9281986951828003
