step	auc
0	0.9771031737327576
1	0.9893147349357605
