step	binary_accuracy
0	0.7242897152900696
1	0.7813125252723694
2	0.6840736269950867
3	0.8207283020019531
4	0.5142056941986084
5	0.8361344337463379
6	0.8527411222457886
7	0.8519407510757446
