step	binary_accuracy
0	0.8987941145896912
1	0.9496123790740967
