step	f1_score
0	0.779166579246521
1	0.8183479905128479
2	0.646360456943512
3	0.842641294002533
4	0.14083507657051086
5	0.8536192178726196
6	0.8599162697792053
7	0.8625556230545044
