step	f1_score
0	0.8944768309593201
1	0.9506120681762695
