step	loss
0	0.6556692719459534
1	0.5605890154838562
2	2.0920066833496094
3	0.49667519330978394
4	3.073089838027954
5	0.5130573511123657
6	0.42214977741241455
7	0.42117834091186523
