step	loss
0	0.6670162677764893
1	0.43791329860687256
