step	precision
0	0.6498262286186218
1	0.6998294591903687
2	0.7339776158332825
3	0.7508606910705566
4	0.608562707901001
5	0.7713178396224976
6	0.8199636936187744
7	0.8048526644706726
