step	precision
0	0.9387370347976685
1	0.9359933733940125
