step	recall
0	0.854202389717102
1	0.9656946659088135
