step	recall
0	0.9727891087532043
1	0.9851940870285034
2	0.5774309635162354
3	0.9599840044975281
4	0.07963185012340546
5	0.9555822610855103
6	0.9039615988731384
7	0.9291716814041138
