{
    "train": {
        "loss": 0.24268051981925964,
        "binary_accuracy": 0.7365095615386963,
        "auc": 0.9202252626419067,
        "precision": 0.6572552919387817,
        "recall": 0.9786354303359985,
        "f1_score": 0.7863768339157104,
        "lr": 0.0010000000474974513
    },
    "eval": {
        "loss": 1.86820650100708,
        "binary_accuracy": 0.6158781051635742,
        "auc": 0.7887226939201355,
        "precision": 0.5664673447608948,
        "recall": 0.9875701665878296,
        "f1_score": 0.7199649214744568
    },
    "step": 4
}
