step	auc
0	0.9545080065727234
1	0.9743256568908691
