step	auc
0	0.8846491575241089
1	0.9201381802558899
2	0.9418023228645325
3	0.9515405893325806
4	0.9559912085533142
5	0.9659034609794617
6	0.9706742763519287
7	0.9753326773643494
