step	auc
0	0.9693537950515747
1	0.9919704794883728
2	0.9951675534248352
3	0.9975485801696777
4	0.9976426959037781
5	0.9995502233505249
6	0.9993715286254883
7	0.9990983605384827
8	0.9990108609199524
9	0.9999812841415405
10	0.999998927116394
11	0.9999998211860657
12	0.9999982118606567
13	1.0
14	1.0000001192092896
15	1.0000001192092896
16	1.0
17	0.9999998807907104
18	1.0
19	0.9999999403953552
20	1.0
21	1.0
22	1.0
23	0.9999999403953552
24	1.0
25	1.0
26	1.0000001192092896
27	1.0
28	1.0
29	1.0
