step	binary_accuracy
0	0.9193798303604126
1	0.9601205587387085
2	0.9730404615402222
3	0.9842377305030823
4	0.9878553152084351
5	0.9888888597488403
6	0.9898363351821899
7	0.99086993932724
8	0.9976744055747986
9	0.9990525245666504
10	0.9993109107017517
11	0.9995693564414978
12	0.9999138712882996
13	1.0
14	0.9997416138648987
15	0.9998277425765991
16	0.9998277425765991
17	1.0
18	1.0
19	1.0
20	0.9999138712882996
21	1.0
22	1.0
23	1.0
24	1.0
25	0.9999138712882996
26	1.0
27	1.0
28	1.0
29	1.0
