step	binary_accuracy
0	0.7535030841827393
1	0.8038277626037598
2	0.8342447280883789
3	0.8514183163642883
4	0.8572282791137695
5	0.8795283436775208
6	0.8891831636428833
7	0.896616518497467
