step	binary_accuracy
0	0.8952412009239197
1	0.9244186282157898
