step	f1_score
0	0.9204081296920776
1	0.9605990648269653
2	0.9732455015182495
3	0.9843146800994873
4	0.9878875613212585
5	0.9889184236526489
6	0.9898642301559448
7	0.9908887147903442
8	0.9976774454116821
9	0.999052882194519
10	0.9993111491203308
11	0.9995693564414978
12	0.9999138116836548
13	1.0
14	0.9997416138648987
15	0.9998276829719543
16	0.9998277425765991
17	1.0
18	1.0
19	1.0
20	0.9999138116836548
21	1.0
22	1.0
23	1.0
24	1.0
25	0.9999138116836548
26	1.0
27	1.0
28	1.0
29	1.0
