step	f1_score
0	0.7997778654098511
1	0.8347249627113342
2	0.8569110035896301
3	0.8696107864379883
4	0.8741052150726318
5	0.8917383551597595
6	0.899682879447937
7	0.9057778716087341
