step	f1_score
0	0.8969606757164001
1	0.9259180426597595
