step	loss
0	0.745715320110321
1	0.5495313405990601
