step	loss
0	0.2567462921142578
1	0.13918320834636688
2	0.10182789713144302
3	0.08903913199901581
4	0.08565902709960938
5	0.07491438835859299
6	0.06957567483186722
7	0.06683266907930374
