step	lr
0	0.001
1	0.001
2	0.001
3	0.001
4	0.001
5	0.001
6	0.001
7	0.001
8	0.001
9	0.00020000001
10	0.00020000001
11	0.00020000001
12	0.00020000001
13	0.00020000001
14	1e-04
15	1e-04
16	1e-04
17	1e-04
18	1e-04
19	1e-04
20	1e-04
21	1e-04
22	1e-04
23	1e-04
24	1e-04
25	1e-04
26	1e-04
27	1e-04
28	1e-04
29	1e-04
