step	precision
0	0.881557047367096
1	0.9069671034812927
