step	precision
0	0.9087221026420593
1	0.9568673968315125
2	0.9670068025588989
3	0.9786324501037598
4	0.9830334186553955
5	0.9919285774230957
6	0.9939800500869751
7	0.9893635511398315
8	0.9886539578437805
9	0.9970760345458984
10	0.9994832277297974
11	0.9998277425765991
12	0.9994832277297974
13	0.9998277425765991
14	0.9994834661483765
15	0.9998277425765991
16	0.9998277425765991
17	0.9998277425765991
18	1.0
19	1.0
20	1.0
21	1.0
22	1.0
23	1.0
24	1.0
25	1.0
26	1.0
27	1.0
28	1.0
29	1.0
