step	precision
0	0.9119635224342346
1	0.9512894153594971
2	0.9702936410903931
3	0.9770979285240173
4	0.982225239276886
5	0.9852613806724548
6	0.9891937971115112
7	0.9922693967819214
8	0.9927810430526733
9	0.9910622239112854
10	0.9941550493240356
11	0.9979345798492432
12	0.9996556043624878
13	0.9998277425765991
14	1.0
15	1.0
16	0.9998277425765991
17	1.0
18	0.9993112683296204
19	1.0
20	1.0
21	1.0
22	1.0
23	1.0
24	1.0
25	1.0
26	0.9998277425765991
27	1.0
28	1.0
29	1.0
