step	precision
0	0.9088160991668701
1	0.9492095708847046
2	0.9658975005149841
3	0.9795291423797607
4	0.9852638840675354
5	0.9862920045852661
6	0.9871509075164795
7	0.988848865032196
8	0.996391773223877
9	0.9986230731010437
10	0.9989671111106873
11	0.9994832873344421
12	1.0
13	1.0
14	0.999655544757843
15	0.9998277425765991
16	0.9996556043624878
17	1.0
18	1.0
19	1.0
20	1.0
21	1.0
22	1.0
23	1.0
24	1.0
25	0.9998277425765991
26	1.0
27	1.0
28	1.0
29	1.0
