step	precision
0	0.6733668446540833
1	0.7211442589759827
2	0.7538281679153442
3	0.7747495174407959
4	0.7817005515098572
5	0.8096765279769897
6	0.82181715965271
7	0.8320457935333252
