step	recall
0	0.9322997331619263
1	0.9722653031349182
2	0.9807062745094299
3	0.9891473054885864
4	0.9905254244804382
5	0.9915590286254883
6	0.9925925731658936
7	0.9929371476173401
8	0.99896639585495
9	0.9994832277297974
10	0.9996554851531982
11	0.9996554851531982
12	0.9998277425765991
13	1.0
14	0.9998277425765991
15	0.9998277425765991
16	1.0
17	1.0
18	1.0
19	1.0
20	0.9998277425765991
21	1.0
22	1.0
23	1.0
24	1.0
25	1.0
26	1.0
27	1.0
28	1.0
29	1.0
