step	recall
0	0.9297157526016235
1	0.9722653031349182
2	0.9846683740615845
3	0.9848406314849854
4	0.9900085926055908
5	0.9903531670570374
6	0.9934539198875427
7	0.9950042963027954
8	0.9950042963027954
9	0.9932816624641418
10	0.9962101578712463
11	0.9987941384315491
12	1.0
13	0.9998277425765991
14	1.0
15	0.9996554851531982
16	0.9998277425765991
17	0.9996554851531982
18	0.9998277425765991
19	1.0
20	1.0
21	0.9998277425765991
22	1.0
23	1.0
24	1.0
25	1.0
26	0.9998277425765991
27	1.0
28	1.0
29	1.0
