step	recall
0	0.9260981678962708
1	0.9745047092437744
2	0.979500412940979
3	0.9862187504768372
4	0.9881137013435364
5	0.9950042963027954
6	0.9955211281776428
7	0.9934539198875427
8	0.9906976819038391
9	0.9986218810081482
10	0.9994832277297974
11	0.9998277425765991
12	0.9994832277297974
13	1.0
14	1.0
15	1.0
16	0.9998277425765991
17	1.0
18	1.0
19	1.0
20	0.9998277425765991
21	1.0
22	1.0
23	1.0
24	1.0
25	1.0
26	0.9998277425765991
27	1.0
28	1.0
29	1.0
