step	recall
0	0.9129122495651245
1	0.9456779360771179
