step	recall
0	0.9846206307411194
1	0.9907723665237427
2	0.9926520586013794
3	0.9909432530403137
4	0.9912850260734558
5	0.9923103451728821
6	0.9938482642173767
7	0.9938482642173767
