step	auc
0	0.9157723784446716
1	0.9249366521835327
2	0.9285387396812439
