step	auc
0	0.9309126734733582
1	0.9345858097076416
2	0.9364943504333496
3	0.9403423070907593
4	0.9396210312843323
5	0.9044203758239746
6	0.9153823852539062
7	0.9291325211524963
8	0.937656044960022
9	0.9459431767463684
10	0.9519023895263672
11	0.9570738673210144
12	0.962428092956543
13	0.964807391166687
14	0.9706556797027588
15	0.9729829430580139
16	0.9766040444374084
17	0.9811134338378906
18	0.9809859395027161
19	0.9818823337554932
