step	auc
0	0.8920236825942993
1	0.9086559414863586
2	0.9140828251838684
3	0.922950804233551
4	0.9202252626419067
