step	binary_accuracy
0	0.767769455909729
1	0.766382098197937
2	0.744290292263031
3	0.7519744038581848
4	0.7559231519699097
5	0.6907150745391846
6	0.7165421843528748
7	0.7482390403747559
8	0.7810031771659851
9	0.7971184849739075
10	0.8086445927619934
11	0.8263607025146484
12	0.8413020372390747
13	0.8432230353355408
14	0.8605122566223145
15	0.8675560355186462
16	0.8785485625267029
17	0.8880469799041748
18	0.8999999761581421
19	0.8963714241981506
