step	binary_accuracy
0	0.7423155903816223
1	0.7443647384643555
2	0.748975396156311
3	0.7464139461517334
4	0.7365095615386963
