step	binary_accuracy
0	0.7675461173057556
1	0.7607582211494446
2	0.7570440769195557
