step	f1_score
0	0.803550124168396
1	0.8013187646865845
2	0.7993228435516357
