step	f1_score
0	0.7842744588851929
1	0.7885891795158386
2	0.7921966910362244
3	0.7918710112571716
4	0.7863768339157104
