step	f1_score
0	0.8029698133468628
1	0.80519700050354
2	0.7920860052108765
3	0.7968531250953674
4	0.7996845841407776
5	0.7602580189704895
6	0.7768441438674927
7	0.7959165573120117
8	0.8178589940071106
9	0.8289082646369934
10	0.8373104929924011
11	0.8503081798553467
12	0.8614553213119507
13	0.8629791736602783
14	0.8762427568435669
15	0.8819106817245483
16	0.8905768394470215
17	0.8985002040863037
18	0.9080740809440613
19	0.9051849842071533
