step	loss
0	0.9180043339729309
1	0.6168313026428223
2	0.4264233708381653
3	0.30856144428253174
4	0.24268051981925964
