step	loss
0	0.870552122592926
1	0.5354386568069458
2	0.34565186500549316
