step	loss
0	0.8001221418380737
1	0.4230947196483612
2	0.2591657042503357
3	0.1851431131362915
4	0.15391165018081665
5	0.16177651286125183
6	0.14678753912448883
7	0.1340363621711731
8	0.12314078956842422
9	0.11573261022567749
10	0.10894227772951126
11	0.10248509794473648
12	0.09680908918380737
13	0.09441887587308884
14	0.08687540143728256
15	0.0841124877333641
16	0.08084860444068909
17	0.07544678449630737
18	0.0729934573173523
19	0.07273274660110474
