step	lr
0	0.001
1	0.001
2	0.001
3	0.001
4	0.001
5	0.00020000001
6	0.00020000001
7	0.00020000001
8	0.00020000001
9	0.00020000001
10	0.00020000001
11	0.00020000001
12	0.00020000001
13	0.00020000001
14	0.00020000001
15	0.00020000001
16	0.00020000001
17	0.00020000001
18	0.00020000001
19	0.00020000001
