step	precision
0	0.6701685786247253
1	0.6681024432182312
2	0.6716203093528748
3	0.667375385761261
4	0.6572552919387817
