step	precision
0	0.6953112483024597
1	0.6885844469070435
2	0.6655972003936768
3	0.6729661822319031
4	0.6762962937355042
5	0.6191887855529785
6	0.6389771699905396
7	0.6674405336380005
8	0.6981360912322998
9	0.7146182656288147
10	0.7261567711830139
11	0.7450822591781616
12	0.7621167302131653
13	0.7641229033470154
14	0.7850356101989746
15	0.7932214736938477
16	0.8077795505523682
17	0.8191602230072021
18	0.8374954462051392
19	0.8315392732620239
