step	precision
0	0.694480836391449
1	0.683914303779602
2	0.6796186566352844
