step	recall
0	0.9500749707221985
1	0.9693593382835388
2	0.9779301285743713
3	0.9766445159912109
4	0.9781444072723389
5	0.9845725297927856
6	0.9905720949172974
7	0.9856438636779785
8	0.9871437549591064
9	0.9867152571678162
10	0.9886436462402344
11	0.9901435375213623
12	0.9905720949172974
13	0.9912149310112
14	0.9914292097091675
15	0.9929291009902954
16	0.9922862648963928
17	0.9948574900627136
18	0.9916434288024902
19	0.9931433200836182
