step	recall
0	0.9532614350318909
1	0.9673857092857361
2	0.9702105522155762
