step	recall
0	0.9452102184295654
1	0.9620950818061829
2	0.9655410051345825
3	0.9734665751457214
4	0.9786354303359985
